Iin[A],Iout[A],l[mm],p1[mm],p2[mm],p3[mm],win[mm]
26.133193548619104
47.959353705444144
23.63009255666546
21.05584517010708
21.07541754574357
22.652352371255684
12.097712930125887
28.454635436671502
15.47698301051841
12.208255517800659
19.276660853774167
41.959306391322
10.226708997335134
50.596533686214215
34.03107666320992
8.451932450581857
4.1394526065720285
37.19808186640522
12.981521519676235
5.192648834562242
17.844823105736126
43.389986754371144
30.406109457322835
34.1359178132808
7.786292495543222
40.22124543096073
27.296126457783068
33.76191443192105
17.884724516823287
33.993705337139005
28.151605325224146
18.356913548079486
7.083684155197773
29.866657163519672
10.565069180075074
15.177680989921818
10.72335307909178
19.842566118604935
33.25105932324429
46.12701139032054
36.4747182920343
46.18632687604769
23.657777508913718
13.094205815928046
35.274006349856776
18.440270282159954
16.062623772793103
28.649415491819017
42.46156512097605
14.48353551795767
2.9112105490011757
45.13153778232985
43.927207045497454
39.023414117606066
36.75359120397185
22.69414677532208
32.25996953603246
21.50622649068605
44.74107812050219
1.483579771974746
38.50920900051871
24.24369436519658
38.552244534361755
38.28167482776087
8.122472924247724
30.289592935650578
24.230650771330655
28.680008801545142
29.47075956421277
20.842186586902372
29.209272519042706
21.174357885413137
22.98707719929246
14.099711435306176
20.05480353538427
41.71747318536555
4.653631088556764
34.740787834970874
20.327923257000734
7.160873069530773
7.544786958386176
27.12808507734302
8.563354055167622
26.2231440520194
16.932622030561248
14.922389301318898
16.781867639955934
36.44135542181691
45.24516143907848
20.42913522053948
13.56720821758411
18.662243347579064
21.907771323942313
17.16295348337298
29.683561781694323
8.125230686247626
21.521723078436576
34.04447823374874
18.627335982877746
29.93945081735314
